date,hp_flare_fl501_sm3,hp_data_source,lp_flare_fl502_sm3,lp_data_source,pilot_status,event_notes
2025-01-01,78420,FT-5101 metered,8802,FT-5102 metered,Lit,
2025-01-02,60646,FT-5101 metered,5769,FT-5102 metered,Lit,
2025-01-03,58036,FT-5101 metered,6198,FT-5102 metered,Lit,
2025-01-04,63784,FT-5101 metered,7458,FT-5102 metered,Lit,
2025-01-05,61377,FT-5101 metered,5547,FT-5102 metered,Lit,
2025-01-06,63371,FT-5101 metered,9588,FT-5102 metered,Lit,
2025-01-07,61890,FT-5101 metered,6972,FT-5102 metered,Lit,
2025-01-08,66405,FT-5101 metered,6059,FT-5102 metered,Lit,
2025-01-09,67081,FT-5101 metered,6382,FT-5102 metered,Lit,
2025-01-10,61403,FT-5101 metered,7133,FT-5102 metered,Lit,
2025-01-11,60039,FT-5101 metered,8392,FT-5102 metered,Lit,
2025-01-12,56750,FT-5101 metered,7451,FT-5102 metered,Lit,
2025-01-13,52950,FT-5101 metered,8004,FT-5102 metered,Lit,
2025-01-14,83151,FT-5101 metered,7216,FT-5102 metered,Lit,
2025-01-15,73920,FT-5101 metered,7537,FT-5102 metered,Lit,
2025-01-16,68804,FT-5101 metered,8466,FT-5102 metered,Lit,
2025-01-17,62089,FT-5101 metered,6649,FT-5102 metered,Lit,
2025-01-18,57610,FT-5101 metered,7729,FT-5102 metered,Lit,
2025-01-19,95992,FT-5101 metered,6009,FT-5102 metered,Lit,
2025-01-20,70275,FT-5101 metered,5671,FT-5102 metered,Lit,
2025-01-21,85637,FT-5101 metered,7303,FT-5102 metered,Lit,
2025-01-22,79624,FT-5101 metered,6052,FT-5102 metered,Lit,
2025-01-23,66348,FT-5101 metered,7393,FT-5102 metered,Lit,
2025-01-24,65378,FT-5101 metered,6937,FT-5102 metered,Lit,
2025-01-25,72968,FT-5101 metered,6109,FT-5102 metered,Lit,
2025-01-26,52589,FT-5101 metered,9729,FT-5102 metered,Lit,
2025-01-27,66757,FT-5101 metered,6748,FT-5102 metered,Lit,
2025-01-28,77150,FT-5101 metered,6415,FT-5102 metered,Lit,
2025-01-29,52522,FT-5101 metered,6158,FT-5102 metered,Lit,
2025-01-30,70221,FT-5101 metered,6678,FT-5102 metered,Lit,
2025-01-31,67096,FT-5101 metered,7401,FT-5102 metered,Lit,
2025-02-01,66538,FT-5101 metered,9024,FT-5102 metered,Lit,
2025-02-02,65974,FT-5101 metered,7655,FT-5102 metered,Lit,
2025-02-03,64112,FT-5101 metered,6692,FT-5102 metered,Lit,
2025-02-04,68186,FT-5101 metered,6109,FT-5102 metered,Lit,
2025-02-05,75485,FT-5101 metered,6604,FT-5102 metered,Lit,
2025-02-06,82741,FT-5101 metered,8559,FT-5102 metered,Lit,
2025-02-07,69783,FT-5101 metered,7579,FT-5102 metered,Lit,
2025-02-08,70191,FT-5101 metered,7774,FT-5102 metered,Lit,
2025-02-09,70604,FT-5101 metered,8616,FT-5102 metered,Lit,
2025-02-10,62537,FT-5101 metered,7441,FT-5102 metered,Lit,
2025-02-11,51777,FT-5101 metered,6164,FT-5102 metered,Lit,
2025-02-12,61529,FT-5101 metered,6585,FT-5102 metered,Lit,
2025-02-13,48248,FT-5101 metered,7172,FT-5102 metered,Lit,
2025-02-14,74702,FT-5101 metered,8228,FT-5102 metered,Lit,
2025-02-15,55301,FT-5101 metered,8139,FT-5102 metered,Lit,
2025-02-16,75930,FT-5101 metered,6533,FT-5102 metered,Lit,
2025-02-17,119846,FT-5101 metered,6027,FT-5102 metered,Lit,Planned flaring during K-201B start-up after maintenance (PTW-25-0211).
2025-02-18,57964,FT-5101 metered,9888,FT-5102 metered,Lit,
2025-02-19,59365,FT-5101 metered,8951,FT-5102 metered,Lit,
2025-02-20,65404,FT-5101 metered,7966,FT-5102 metered,Lit,
2025-02-21,58788,FT-5101 metered,5645,FT-5102 metered,Lit,
2025-02-22,71806,FT-5101 metered,6963,FT-5102 metered,Lit,
2025-02-23,55869,FT-5101 metered,9047,FT-5102 metered,Lit,
2025-02-24,55947,FT-5101 metered,8488,FT-5102 metered,Lit,
2025-02-25,77595,FT-5101 metered,7110,FT-5102 metered,Lit,
2025-02-26,70942,FT-5101 metered,6165,FT-5102 metered,Lit,
2025-02-27,53893,FT-5101 metered,5963,FT-5102 metered,Lit,
2025-02-28,78495,FT-5101 metered,5658,FT-5102 metered,Lit,
2025-03-01,76086,FT-5101 metered,6400,FT-5102 metered,Lit,
2025-03-02,78524,FT-5101 metered,6436,FT-5102 metered,Lit,
2025-03-03,72108,FT-5101 metered,6208,FT-5102 metered,Lit,
2025-03-04,67812,FT-5101 metered,5197,FT-5102 metered,Lit,
2025-03-05,68116,FT-5101 metered,6741,FT-5102 metered,Lit,
2025-03-06,77308,FT-5101 metered,6018,FT-5102 metered,Lit,
2025-03-07,64236,FT-5101 metered,9723,FT-5102 metered,Lit,
2025-03-08,64323,FT-5101 metered,5925,FT-5102 metered,Lit,
2025-03-09,50139,FT-5101 metered,7418,FT-5102 metered,Lit,
2025-03-10,72730,FT-5101 metered,7431,FT-5102 metered,Lit,
2025-03-11,64402,FT-5101 metered,7142,SUBSTITUTED (30-day average),Lit,FT-5102 LP flare meter offline (transducer fault). Volume substituted with 30-day average per MP section 8.3.
2025-03-12,80306,FT-5101 metered,7092,SUBSTITUTED (30-day average),Lit,FT-5102 offline. Volume substituted with 30-day average.
2025-03-13,82265,FT-5101 metered,7081,SUBSTITUTED (30-day average),Lit,FT-5102 offline. Volume substituted with 30-day average. Transducer replaced; recalibrated 14-Mar-2025.
2025-03-14,65871,FT-5101 metered,5618,FT-5102 metered,Lit,
2025-03-15,73151,FT-5101 metered,7009,FT-5102 metered,Lit,
2025-03-16,73878,FT-5101 metered,7415,FT-5102 metered,Lit,
2025-03-17,81913,FT-5101 metered,8198,FT-5102 metered,Lit,
2025-03-18,66176,FT-5101 metered,7495,FT-5102 metered,Lit,
2025-03-19,73017,FT-5101 metered,8172,FT-5102 metered,Lit,
2025-03-20,71934,FT-5101 metered,6521,FT-5102 metered,Lit,
2025-03-21,71631,FT-5101 metered,8404,FT-5102 metered,Lit,
2025-03-22,73610,FT-5101 metered,8403,FT-5102 metered,Lit,
2025-03-23,60442,FT-5101 metered,9605,FT-5102 metered,Lit,
2025-03-24,61802,FT-5101 metered,7657,FT-5102 metered,Lit,
2025-03-25,59186,FT-5101 metered,5501,FT-5102 metered,Lit,
2025-03-26,42244,FT-5101 metered,8170,FT-5102 metered,Lit,
2025-03-27,71616,FT-5101 metered,8493,FT-5102 metered,Lit,
2025-03-28,71552,FT-5101 metered,8090,FT-5102 metered,Lit,
2025-03-29,76213,FT-5101 metered,7702,FT-5102 metered,Lit,
2025-03-30,74133,FT-5101 metered,7966,FT-5102 metered,Lit,
2025-03-31,83485,FT-5101 metered,7302,FT-5102 metered,Lit,
2025-04-01,62193,FT-5101 metered,5494,FT-5102 metered,Lit,
2025-04-02,62320,FT-5101 metered,7051,FT-5102 metered,Lit,
2025-04-03,73463,FT-5101 metered,6667,FT-5102 metered,Lit,
2025-04-04,89323,FT-5101 metered,8096,FT-5102 metered,Lit,
2025-04-05,65015,FT-5101 metered,4627,FT-5102 metered,Lit,
2025-04-06,72209,FT-5101 metered,7614,FT-5102 metered,Lit,
2025-04-07,52550,FT-5101 metered,6972,FT-5102 metered,Lit,
2025-04-08,74023,FT-5101 metered,8454,FT-5102 metered,Lit,
2025-04-09,62761,FT-5101 metered,9116,FT-5102 metered,Lit,"Planned depressurisation of K-201A to atmosphere via vent stack V-210 (PTW-25-0418), 11:50-15:40. Vented 4,700 Sm3. Reported in sheet G (blowdowns)."
2025-04-10,64016,FT-5101 metered,3717,FT-5102 metered,Lit,
2025-04-11,55801,FT-5101 metered,8207,FT-5102 metered,Lit,
2025-04-12,60277,FT-5101 metered,8264,FT-5102 metered,Lit,
2025-04-13,66970,FT-5101 metered,8028,FT-5102 metered,Lit,
2025-04-14,71757,FT-5101 metered,8131,FT-5102 metered,Lit,
2025-04-15,71820,FT-5101 metered,7126,FT-5102 metered,Lit,
2025-04-16,78916,FT-5101 metered,4980,FT-5102 metered,Lit,
2025-04-17,56972,FT-5101 metered,7928,FT-5102 metered,Lit,
2025-04-18,56404,FT-5101 metered,8965,FT-5102 metered,Lit,
2025-04-19,61225,FT-5101 metered,8520,FT-5102 metered,Lit,
2025-04-20,57235,FT-5101 metered,8649,FT-5102 metered,Lit,
2025-04-21,58106,FT-5101 metered,8682,FT-5102 metered,Lit,
2025-04-22,79497,FT-5101 metered,8375,FT-5102 metered,Lit,
2025-04-23,49188,FT-5101 metered,5164,FT-5102 metered,Lit,
2025-04-24,71827,FT-5101 metered,6898,FT-5102 metered,Lit,
2025-04-25,70283,FT-5101 metered,8472,FT-5102 metered,Lit,
2025-04-26,70070,FT-5101 metered,5947,FT-5102 metered,Lit,
2025-04-27,70643,FT-5101 metered,6519,FT-5102 metered,Lit,
2025-04-28,72382,FT-5101 metered,8074,FT-5102 metered,Lit,
2025-04-29,80873,FT-5101 metered,6903,FT-5102 metered,Lit,
2025-04-30,62460,FT-5101 metered,4402,FT-5102 metered,Lit,
2025-05-01,52892,FT-5101 metered,5444,FT-5102 metered,Lit,
2025-05-02,63917,FT-5101 metered,6302,FT-5102 metered,Lit,
2025-05-03,64508,FT-5101 metered,6602,FT-5102 metered,Lit,
2025-05-04,86114,FT-5101 metered,7160,FT-5102 metered,Lit,
2025-05-05,84170,FT-5101 metered,8355,FT-5102 metered,Lit,
2025-05-06,81599,FT-5101 metered,6539,FT-5102 metered,Lit,
2025-05-07,65239,FT-5101 metered,6621,FT-5102 metered,Lit,
2025-05-08,70952,FT-5101 metered,6131,FT-5102 metered,Lit,
2025-05-09,83132,FT-5101 metered,6745,FT-5102 metered,Lit,
2025-05-10,68029,FT-5101 metered,8854,FT-5102 metered,Lit,
2025-05-11,77468,FT-5101 metered,8094,FT-5102 metered,Lit,
2025-05-12,66202,FT-5101 metered,6609,FT-5102 metered,Lit,
2025-05-13,85921,FT-5101 metered,7453,FT-5102 metered,Lit,
2025-05-14,50180,FT-5101 metered,3803,FT-5102 metered,Lit,
2025-05-15,63082,FT-5101 metered,6183,FT-5102 metered,Lit,
2025-05-16,65650,FT-5101 metered,6189,FT-5102 metered,Lit,
2025-05-17,63659,FT-5101 metered,7301,FT-5102 metered,Lit,
2025-05-18,58808,FT-5101 metered,5538,FT-5102 metered,Lit,
2025-05-19,76775,FT-5101 metered,5469,FT-5102 metered,Lit,
2025-05-20,89904,FT-5101 metered,5949,FT-5102 metered,Lit,
2025-05-21,99869,FT-5101 metered,4166,FT-5102 metered,Lit,
2025-05-22,57754,FT-5101 metered,7611,FT-5102 metered,Lit,
2025-05-23,66713,FT-5101 metered,5906,FT-5102 metered,Lit,
2025-05-24,70325,FT-5101 metered,6643,FT-5102 metered,Lit,
2025-05-25,58425,FT-5101 metered,7374,FT-5102 metered,Lit,
2025-05-26,66492,FT-5101 metered,8116,FT-5102 metered,Lit,
2025-05-27,67658,FT-5101 metered,6352,FT-5102 metered,Lit,
2025-05-28,63772,FT-5101 metered,5757,FT-5102 metered,Lit,
2025-05-29,67067,FT-5101 metered,9390,FT-5102 metered,Lit,
2025-05-30,79923,FT-5101 metered,6071,FT-5102 metered,Lit,
2025-05-31,65849,FT-5101 metered,5405,FT-5102 metered,Lit,
2025-06-01,79752,FT-5101 metered,9109,FT-5102 metered,Lit,
2025-06-02,79224,FT-5101 metered,5443,FT-5102 metered,Lit,
2025-06-03,52594,FT-5101 metered,5566,FT-5102 metered,Lit,
2025-06-04,73875,FT-5101 metered,5214,FT-5102 metered,Lit,
2025-06-05,72028,FT-5101 metered,7902,FT-5102 metered,Lit,
2025-06-06,48952,FT-5101 metered,6614,FT-5102 metered,Lit,
2025-06-07,87427,FT-5101 metered,6621,FT-5102 metered,Lit,
2025-06-08,62199,FT-5101 metered,7701,FT-5102 metered,Lit,
2025-06-09,67468,FT-5101 metered,9658,FT-5102 metered,Lit,
2025-06-10,75081,FT-5101 metered,7522,FT-5102 metered,Lit,
2025-06-11,81512,FT-5101 metered,6341,FT-5102 metered,Lit,
2025-06-12,47447,FT-5101 metered,7309,FT-5102 metered,Lit,
2025-06-13,66448,FT-5101 metered,7648,FT-5102 metered,Lit,
2025-06-14,71973,FT-5101 metered,6636,FT-5102 metered,Lit,
2025-06-15,66785,FT-5101 metered,7313,FT-5102 metered,Lit,
2025-06-16,75851,FT-5101 metered,5331,FT-5102 metered,Lit,
2025-06-17,77779,FT-5101 metered,5488,FT-5102 metered,Lit,
2025-06-18,81093,FT-5101 metered,5376,FT-5102 metered,Lit,
2025-06-19,72483,FT-5101 metered,5855,FT-5102 metered,Lit,
2025-06-20,54274,FT-5101 metered,7713,FT-5102 metered,Lit,
2025-06-21,69886,FT-5101 metered,5659,FT-5102 metered,Lit,
2025-06-22,64215,FT-5101 metered,8137,FT-5102 metered,Lit,"Planned depressurisation of pig launcher L-120 via V-210 (PTW-25-0733). Vented 1,900 Sm3. Reported in sheet G."
2025-06-23,45894,FT-5101 metered,5644,FT-5102 metered,Lit,
2025-06-24,67630,FT-5101 metered,8972,FT-5102 metered,Lit,
2025-06-25,69063,FT-5101 metered,6820,FT-5102 metered,Lit,
2025-06-26,59115,FT-5101 metered,5955,FT-5102 metered,Lit,
2025-06-27,72378,FT-5101 metered,5176,FT-5102 metered,Lit,
2025-06-28,70535,FT-5101 metered,7346,FT-5102 metered,Lit,
2025-06-29,69470,FT-5101 metered,7245,FT-5102 metered,Lit,
2025-06-30,76294,FT-5101 metered,10574,FT-5102 metered,Lit,
2025-07-01,62415,FT-5101 metered,7409,FT-5102 metered,Lit,
2025-07-02,60778,FT-5101 metered,5087,FT-5102 metered,Lit,
2025-07-03,75753,FT-5101 metered,8103,FT-5102 metered,Lit,
2025-07-04,72245,FT-5101 metered,5699,FT-5102 metered,Lit,
2025-07-05,73664,FT-5101 metered,8833,FT-5102 metered,Lit,
2025-07-06,55324,FT-5101 metered,7822,FT-5102 metered,Lit,
2025-07-07,69854,FT-5101 metered,5947,FT-5102 metered,Lit,
2025-07-08,68559,FT-5101 metered,8747,FT-5102 metered,Lit,
2025-07-09,44433,FT-5101 metered,9653,FT-5102 metered,Lit,
2025-07-10,92530,FT-5101 metered,7688,FT-5102 metered,Lit,
2025-07-11,70629,FT-5101 metered,8177,FT-5102 metered,Lit,
2025-07-12,66589,FT-5101 metered,7304,FT-5102 metered,Lit,
2025-07-13,60265,FT-5101 metered,6775,FT-5102 metered,Lit,
2025-07-14,79895,FT-5101 metered,6102,FT-5102 metered,Lit,
2025-07-15,43217,FT-5101 metered,8537,FT-5102 metered,Lit,
2025-07-16,58331,FT-5101 metered,7693,FT-5102 metered,Lit,
2025-07-17,80864,FT-5101 metered,6594,FT-5102 metered,Lit,
2025-07-18,59377,FT-5101 metered,5179,FT-5102 metered,Lit,
2025-07-19,49264,FT-5101 metered,6591,FT-5102 metered,Lit,
2025-07-20,60756,FT-5101 metered,6885,FT-5102 metered,Lit,
2025-07-21,56174,FT-5101 metered,7362,FT-5102 metered,Lit,
2025-07-22,78481,FT-5101 metered,7226,FT-5102 metered,Lit,
2025-07-23,90371,FT-5101 metered,6651,FT-5102 metered,Lit,
2025-07-24,67283,FT-5101 metered,7466,FT-5102 metered,Lit,
2025-07-25,62442,FT-5101 metered,5619,FT-5102 metered,Lit,
2025-07-26,60911,FT-5101 metered,9525,FT-5102 metered,Lit,
2025-07-27,68029,FT-5101 metered,6377,FT-5102 metered,Lit,
2025-07-28,58832,FT-5101 metered,6098,FT-5102 metered,Lit,
2025-07-29,58623,FT-5101 metered,7616,FT-5102 metered,Lit,
2025-07-30,58009,FT-5101 metered,6642,FT-5102 metered,Lit,
2025-07-31,68856,FT-5101 metered,8010,FT-5102 metered,Lit,
2025-08-01,60692,FT-5101 metered,4579,FT-5102 metered,Lit,
2025-08-02,82347,FT-5101 metered,4607,FT-5102 metered,Lit,
2025-08-03,48089,FT-5101 metered,6847,FT-5102 metered,Lit,
2025-08-04,50554,FT-5101 metered,5249,FT-5102 metered,Lit,
2025-08-05,87587,FT-5101 metered,7036,FT-5102 metered,Lit,
2025-08-06,68295,FT-5101 metered,9558,FT-5102 metered,Lit,
2025-08-07,79727,FT-5101 metered,8021,FT-5102 metered,Lit,
2025-08-08,74651,FT-5101 metered,5966,FT-5102 metered,Lit,
2025-08-09,85409,FT-5101 metered,8072,FT-5102 metered,Lit,
2025-08-10,69828,FT-5101 metered,6174,FT-5102 metered,Lit,
2025-08-11,78049,FT-5101 metered,10158,FT-5102 metered,Lit,
2025-08-12,68464,FT-5101 metered,4708,FT-5102 metered,Lit,
2025-08-13,67238,FT-5101 metered,5644,FT-5102 metered,Lit,
2025-08-14,75257,FT-5101 metered,7005,FT-5102 metered,Lit,
2025-08-15,63259,FT-5101 metered,5320,FT-5102 metered,Lit,
2025-08-16,66170,FT-5101 metered,6656,FT-5102 metered,Lit,
2025-08-17,57185,FT-5101 metered,7682,FT-5102 metered,Lit,
2025-08-18,77108,FT-5101 metered,8147,FT-5102 metered,Lit,
2025-08-19,86136,FT-5101 metered,7872,FT-5102 metered,Lit,
2025-08-20,56775,FT-5101 metered,6229,FT-5102 metered,Lit,
2025-08-21,77618,FT-5101 metered,6363,FT-5102 metered,Lit,
2025-08-22,62662,FT-5101 metered,5748,FT-5102 metered,Lit,
2025-08-23,57648,FT-5101 metered,7900,FT-5102 metered,Lit,
2025-08-24,53798,FT-5101 metered,6998,FT-5102 metered,Lit,
2025-08-25,59786,FT-5101 metered,9223,FT-5102 metered,Lit,
2025-08-26,58215,FT-5101 metered,6554,FT-5102 metered,Lit,
2025-08-27,68016,FT-5101 metered,6988,FT-5102 metered,Lit,
2025-08-28,69720,FT-5101 metered,7930,FT-5102 metered,Lit,
2025-08-29,70106,FT-5101 metered,7510,FT-5102 metered,Lit,
2025-08-30,58715,FT-5101 metered,5890,FT-5102 metered,Lit,
2025-08-31,69983,FT-5101 metered,4543,FT-5102 metered,Lit,
2025-09-01,49706,FT-5101 metered,5972,FT-5102 metered,Lit,
2025-09-02,63662,FT-5101 metered,7782,FT-5102 metered,Lit,
2025-09-03,60454,FT-5101 metered,6270,FT-5102 metered,Lit,
2025-09-04,65966,FT-5101 metered,6238,FT-5102 metered,Lit,
2025-09-05,58010,FT-5101 metered,7438,FT-5102 metered,Lit,
2025-09-06,59070,FT-5101 metered,7296,FT-5102 metered,Lit,
2025-09-07,71704,FT-5101 metered,9100,FT-5102 metered,Lit,
2025-09-08,105338,FT-5101 metered,7063,FT-5102 metered,Lit,"Process upset: HP separator V-101 high pressure, relief to HP flare 14:05-16:30."
2025-09-09,101154,FT-5101 metered,6335,FT-5102 metered,Lit,
2025-09-10,68673,FT-5101 metered,6127,FT-5102 metered,Lit,
2025-09-11,65110,FT-5101 metered,7116,FT-5102 metered,Lit,
2025-09-12,70663,FT-5101 metered,7142,FT-5102 metered,Lit,
2025-09-13,62844,FT-5101 metered,7744,FT-5102 metered,Lit,
2025-09-14,60428,FT-5101 metered,5789,FT-5102 metered,Lit,
2025-09-15,74591,FT-5101 metered,7328,FT-5102 metered,Lit,
2025-09-16,71292,FT-5101 metered,3986,FT-5102 metered,Lit,
2025-09-17,74937,FT-5101 metered,5469,FT-5102 metered,Lit,
2025-09-18,56690,FT-5101 metered,8084,FT-5102 metered,Lit,
2025-09-19,62840,FT-5101 metered,7142,FT-5102 metered,Lit,
2025-09-20,76657,FT-5101 metered,7892,FT-5102 metered,Lit,
2025-09-21,63604,FT-5101 metered,7834,FT-5102 metered,Lit,
2025-09-22,68420,FT-5101 metered,8508,FT-5102 metered,Lit,
2025-09-23,62020,FT-5101 metered,5634,FT-5102 metered,Lit,
2025-09-24,59576,FT-5101 metered,6503,FT-5102 metered,Lit,
2025-09-25,69577,FT-5101 metered,4479,FT-5102 metered,Lit,
2025-09-26,65430,FT-5101 metered,6335,FT-5102 metered,Lit,
2025-09-27,75865,FT-5101 metered,5494,FT-5102 metered,Lit,
2025-09-28,49590,FT-5101 metered,7921,FT-5102 metered,Lit,
2025-09-29,63345,FT-5101 metered,6517,FT-5102 metered,Lit,
2025-09-30,67541,FT-5101 metered,6363,FT-5102 metered,Lit,
2025-10-01,58633,FT-5101 metered,8120,FT-5102 metered,Lit,
2025-10-02,61866,FT-5101 metered,6546,FT-5102 metered,Lit,
2025-10-03,57088,FT-5101 metered,9718,FT-5102 metered,Lit,
2025-10-04,54253,FT-5101 metered,5959,FT-5102 metered,Lit,
2025-10-05,58029,FT-5101 metered,5810,FT-5102 metered,Lit,
2025-10-06,61423,FT-5101 metered,5653,FT-5102 metered,Lit,
2025-10-07,88975,FT-5101 metered,5553,FT-5102 metered,Lit,
2025-10-08,68715,FT-5101 metered,8616,FT-5102 metered,Lit,
2025-10-09,69374,FT-5101 metered,7939,FT-5102 metered,Lit,
2025-10-10,75809,FT-5101 metered,7234,FT-5102 metered,Lit,
2025-10-11,83741,FT-5101 metered,6099,FT-5102 metered,Lit,
2025-10-12,64916,FT-5101 metered,8712,FT-5102 metered,Lit,
2025-10-13,75246,FT-5101 metered,8041,FT-5102 metered,Lit,
2025-10-14,59937,FT-5101 metered,6686,FT-5102 metered,Lit,
2025-10-15,77487,FT-5101 metered,6904,FT-5102 metered,Lit,
2025-10-16,65472,FT-5101 metered,6206,FT-5102 metered,Lit,
2025-10-17,59625,FT-5101 metered,7588,FT-5102 metered,Lit,
2025-10-18,70110,FT-5101 metered,3500,FT-5102 metered,Lit,
2025-10-19,64945,FT-5101 metered,6708,FT-5102 metered,Lit,
2025-10-20,49388,FT-5101 metered,8307,FT-5102 metered,Lit,
2025-10-21,70046,FT-5101 metered,6607,FT-5102 metered,Lit,
2025-10-22,69526,FT-5101 metered,9972,FT-5102 metered,Lit,
2025-10-23,78369,FT-5101 metered,8423,FT-5102 metered,Lit,
2025-10-24,56793,FT-5101 metered,9459,FT-5102 metered,Lit,
2025-10-25,70773,FT-5101 metered,5920,FT-5102 metered,Lit,
2025-10-26,84148,FT-5101 metered,6053,FT-5102 metered,Lit,
2025-10-27,64685,FT-5101 metered,6463,FT-5102 metered,Lit,
2025-10-28,68679,FT-5101 metered,6421,FT-5102 metered,Lit,
2025-10-29,71314,FT-5101 metered,4789,FT-5102 metered,Lit,
2025-10-30,70391,FT-5101 metered,7940,FT-5102 metered,Lit,
2025-10-31,54290,FT-5101 metered,7087,FT-5102 metered,Lit,
2025-11-01,59700,FT-5101 metered,7488,FT-5102 metered,Lit,
2025-11-02,46640,FT-5101 metered,9070,FT-5102 metered,Lit,
2025-11-03,54167,FT-5101 metered,9048,FT-5102 metered,Lit,
2025-11-04,65564,FT-5101 metered,6933,FT-5102 metered,Lit,
2025-11-05,71120,FT-5101 metered,5274,FT-5102 metered,Lit,"Planned depressurisation of TEG contactor inlet section via V-210 (PTW-25-1102). Vented 1,300 Sm3. Reported in sheet G."
2025-11-06,51131,FT-5101 metered,7359,FT-5102 metered,Lit,
2025-11-07,83835,FT-5101 metered,6088,FT-5102 metered,Lit,
2025-11-08,61738,FT-5101 metered,6366,FT-5102 metered,Lit,
2025-11-09,77857,FT-5101 metered,7351,FT-5102 metered,Lit,
2025-11-10,62056,FT-5101 metered,8638,FT-5102 metered,Lit,
2025-11-11,71449,FT-5101 metered,5511,FT-5102 metered,Lit,
2025-11-12,67938,FT-5101 metered,6225,FT-5102 metered,Lit,
2025-11-13,70572,FT-5101 metered,7618,FT-5102 metered,Lit,
2025-11-14,67940,FT-5101 metered,6254,FT-5102 metered,Lit,
2025-11-15,66794,FT-5101 metered,8810,FT-5102 metered,Lit,
2025-11-16,44680,FT-5101 metered,7698,FT-5102 metered,Lit,
2025-11-17,68408,FT-5101 metered,6126,FT-5102 metered,Lit,
2025-11-18,54341,FT-5101 metered,6460,FT-5102 metered,Lit,
2025-11-19,87508,FT-5101 metered,8916,FT-5102 metered,Lit,
2025-11-20,66625,FT-5101 metered,6307,FT-5102 metered,Lit,
2025-11-21,66922,FT-5101 metered,8814,FT-5102 metered,Lit,
2025-11-22,75244,FT-5101 metered,7291,FT-5102 metered,Lit,
2025-11-23,77610,FT-5101 metered,6460,FT-5102 metered,Lit,
2025-11-24,66161,FT-5101 metered,4832,FT-5102 metered,Lit,
2025-11-25,56541,FT-5101 metered,7998,FT-5102 metered,Lit,
2025-11-26,71649,FT-5101 metered,6288,FT-5102 metered,Lit,
2025-11-27,78561,FT-5101 metered,5392,FT-5102 metered,Lit,
2025-11-28,63524,FT-5101 metered,7890,FT-5102 metered,Lit,
2025-11-29,71285,FT-5101 metered,7533,FT-5102 metered,Lit,
2025-11-30,72816,FT-5101 metered,5958,FT-5102 metered,Lit,
2025-12-01,70058,FT-5101 metered,7511,FT-5102 metered,Lit,
2025-12-02,73815,FT-5101 metered,5448,FT-5102 metered,Lit,
2025-12-03,65632,FT-5101 metered,7945,FT-5102 metered,Lit,
2025-12-04,56377,FT-5101 metered,7603,FT-5102 metered,Lit,
2025-12-05,83913,FT-5101 metered,7322,FT-5102 metered,Lit,
2025-12-06,70327,FT-5101 metered,8171,FT-5102 metered,Lit,
2025-12-07,77369,FT-5101 metered,5674,FT-5102 metered,Lit,
2025-12-08,66013,FT-5101 metered,5583,FT-5102 metered,Lit,
2025-12-09,84940,FT-5101 metered,7729,FT-5102 metered,Lit,
2025-12-10,61313,FT-5101 metered,5452,FT-5102 metered,Lit,
2025-12-11,67931,FT-5101 metered,7482,FT-5102 metered,Lit,
2025-12-12,57724,FT-5101 metered,6908,FT-5102 metered,Lit,
2025-12-13,63155,FT-5101 metered,5317,FT-5102 metered,Lit,
2025-12-14,79394,FT-5101 metered,10380,FT-5102 metered,Lit,
2025-12-15,72342,FT-5101 metered,6622,FT-5102 metered,Lit,
2025-12-16,61748,FT-5101 metered,6941,FT-5102 metered,Lit,
2025-12-17,72322,FT-5101 metered,7910,FT-5102 metered,Lit,
2025-12-18,72176,FT-5101 metered,6561,FT-5102 metered,Lit,
2025-12-19,73588,FT-5101 metered,6355,FT-5102 metered,Lit,
2025-12-20,70636,FT-5101 metered,8011,FT-5102 metered,Lit,
2025-12-21,64691,FT-5101 metered,7124,FT-5102 metered,Lit,
2025-12-22,43452,FT-5101 metered,5246,FT-5102 metered,Lit,
2025-12-23,75412,FT-5101 metered,7741,FT-5102 metered,Lit,
2025-12-24,42250,FT-5101 metered,6065,FT-5102 metered,Lit,
2025-12-25,72392,FT-5101 metered,8360,FT-5102 metered,Lit,
2025-12-26,67499,FT-5101 metered,7477,FT-5102 metered,Lit,
2025-12-27,47418,FT-5101 metered,7231,FT-5102 metered,Lit,
2025-12-28,61121,FT-5101 metered,5624,FT-5102 metered,Lit,
2025-12-29,87881,FT-5101 metered,7380,FT-5102 metered,Lit,
2025-12-30,74820,FT-5101 metered,8433,FT-5102 metered,Lit,
2025-12-31,65641,FT-5101 metered,7401,FT-5102 metered,Lit,
